Epoch,Loss,preLoss
1,10.561679,0.8629869
2,7.048837,0.3306057
3,4.8378143,0.25476497
4,3.6118095,0.22278218
5,2.920014,0.20059636
6,2.4895155,0.19231722
